ticker,name,sector,index
MMM,3M,Industrials,S&P500
AOS,A. O. Smith,Industrials,S&P500
ABT,Abbott Laboratories,Health Care,S&P500
ABBV,AbbVie,Health Care,S&P500
ACN,Accenture,Information Technology,S&P500
ADBE,Adobe Inc.,Information Technology,S&P500
AMD,Advanced Micro Devices,Information Technology,S&P500
AES,AES Corporation,Utilities,S&P500
AFL,Aflac,Financials,S&P500
A,Agilent Technologies,Health Care,S&P500
APD,Air Products,Materials,S&P500
ABNB,Airbnb,Consumer Discretionary,S&P500
AKAM,Akamai Technologies,Information Technology,S&P500
ALB,Albemarle Corporation,Materials,S&P500
ARE,Alexandria Real Estate Equities,Real Estate,S&P500
ALGN,Align Technology,Health Care,S&P500
ALLE,Allegion,Industrials,S&P500
LNT,Alliant Energy,Utilities,S&P500
ALL,Allstate,Financials,S&P500
GOOGL,Alphabet Inc. (Class A),Communication Services,S&P500
GOOG,Alphabet Inc. (Class C),Communication Services,S&P500
MO,Altria,Consumer Staples,S&P500
AMZN,Amazon,Consumer Discretionary,S&P500
AMCR,Amcor,Materials,S&P500
AEE,Ameren,Utilities,S&P500
AEP,American Electric Power,Utilities,S&P500
AXP,American Express,Financials,S&P500
AIG,American International Group,Financials,S&P500
AMT,American Tower,Real Estate,S&P500
AWK,American Water Works,Utilities,S&P500
AMP,Ameriprise Financial,Financials,S&P500
AME,Ametek,Industrials,S&P500
AMGN,Amgen,Health Care,S&P500
APH,Amphenol,Information Technology,S&P500
ADI,Analog Devices,Information Technology,S&P500
AON,Aon plc,Financials,S&P500
APA,APA Corporation,Energy,S&P500
APO,Apollo Global Management,Financials,S&P500
AAPL,Apple Inc.,Information Technology,S&P500
AMAT,Applied Materials,Information Technology,S&P500
APP,AppLovin,Information Technology,S&P500
APTV,Aptiv,Consumer Discretionary,S&P500
ACGL,Arch Capital Group,Financials,S&P500
ADM,Archer Daniels Midland,Consumer Staples,S&P500
ARES,Ares Management,Financials,S&P500
ANET,Arista Networks,Information Technology,S&P500
AJG,Arthur J. Gallagher & Co.,Financials,S&P500
AIZ,Assurant,Financials,S&P500
T,AT&T,Communication Services,S&P500
ATO,Atmos Energy,Utilities,S&P500
ADSK,Autodesk,Information Technology,S&P500
ADP,Automatic Data Processing,Industrials,S&P500
AZO,AutoZone,Consumer Discretionary,S&P500
AVB,AvalonBay Communities,Real Estate,S&P500
AVY,Avery Dennison,Materials,S&P500
AXON,Axon Enterprise,Industrials,S&P500
BKR,Baker Hughes,Energy,S&P500
BALL,Ball Corporation,Materials,S&P500
BAC,Bank of America,Financials,S&P500
BAX,Baxter International,Health Care,S&P500
BDX,Becton Dickinson,Health Care,S&P500
BRK-B,Berkshire Hathaway,Financials,S&P500
BBY,Best Buy,Consumer Discretionary,S&P500
TECH,Bio-Techne,Health Care,S&P500
BIIB,Biogen,Health Care,S&P500
BLK,BlackRock,Financials,S&P500
BX,Blackstone Inc.,Financials,S&P500
XYZ,"Block, Inc.",Financials,S&P500
BNY,BNY Mellon,Financials,S&P500
BA,Boeing,Industrials,S&P500
BKNG,Booking Holdings,Consumer Discretionary,S&P500
BSX,Boston Scientific,Health Care,S&P500
BMY,Bristol Myers Squibb,Health Care,S&P500
AVGO,Broadcom,Information Technology,S&P500
BR,Broadridge Financial Solutions,Industrials,S&P500
BRO,Brown & Brown,Financials,S&P500
BF-B,Brown–Forman,Consumer Staples,S&P500
BLDR,Builders FirstSource,Industrials,S&P500
BG,Bunge Global,Consumer Staples,S&P500
BXP,"BXP, Inc.",Real Estate,S&P500
CHRW,C.H. Robinson,Industrials,S&P500
CDNS,Cadence Design Systems,Information Technology,S&P500
CPT,Camden Property Trust,Real Estate,S&P500
COF,Capital One,Financials,S&P500
CAH,Cardinal Health,Health Care,S&P500
CCL,Carnival Corporation,Consumer Discretionary,S&P500
CARR,Carrier Global,Industrials,S&P500
CVNA,Carvana,Consumer Discretionary,S&P500
CASY,Casey's,Consumer Staples,S&P500
CAT,Caterpillar Inc.,Industrials,S&P500
CBOE,Cboe Global Markets,Financials,S&P500
CBRE,CBRE Group,Real Estate,S&P500
CDW,CDW Corporation,Information Technology,S&P500
COR,Cencora,Health Care,S&P500
CNC,Centene Corporation,Health Care,S&P500
CNP,CenterPoint Energy,Utilities,S&P500
CF,CF Industries,Materials,S&P500
CRL,Charles River Laboratories,Health Care,S&P500
SCHW,Charles Schwab Corporation,Financials,S&P500
CHTR,Charter Communications,Communication Services,S&P500
CVX,Chevron Corporation,Energy,S&P500
CMG,Chipotle Mexican Grill,Consumer Discretionary,S&P500
CB,Chubb Limited,Financials,S&P500
CHD,Church & Dwight,Consumer Staples,S&P500
CIEN,Ciena,Information Technology,S&P500
CI,Cigna,Health Care,S&P500
CINF,Cincinnati Financial,Financials,S&P500
CTAS,Cintas,Industrials,S&P500
CSCO,Cisco,Information Technology,S&P500
C,Citigroup,Financials,S&P500
CFG,Citizens Financial Group,Financials,S&P500
CLX,Clorox,Consumer Staples,S&P500
CME,CME Group,Financials,S&P500
CMS,CMS Energy,Utilities,S&P500
KO,Coca-Cola Company (The),Consumer Staples,S&P500
CTSH,Cognizant,Information Technology,S&P500
COHR,Coherent Corp.,Information Technology,S&P500
COIN,Coinbase,Financials,S&P500
CL,Colgate-Palmolive,Consumer Staples,S&P500
CMCSA,Comcast,Communication Services,S&P500
FIX,Comfort Systems USA,Industrials,S&P500
COP,ConocoPhillips,Energy,S&P500
ED,Consolidated Edison,Utilities,S&P500
STZ,Constellation Brands,Consumer Staples,S&P500
CEG,Constellation Energy,Utilities,S&P500
COO,Cooper Companies (The),Health Care,S&P500
CPRT,Copart,Industrials,S&P500
GLW,Corning Inc.,Information Technology,S&P500
CPAY,Corpay,Financials,S&P500
CTVA,Corteva,Materials,S&P500
CSGP,CoStar Group,Real Estate,S&P500
COST,Costco,Consumer Staples,S&P500
CRH,CRH plc,Materials,S&P500
CRWD,CrowdStrike,Information Technology,S&P500
CCI,Crown Castle,Real Estate,S&P500
CSX,CSX Corporation,Industrials,S&P500
CMI,Cummins,Industrials,S&P500
CVS,CVS Health,Health Care,S&P500
DHR,Danaher Corporation,Health Care,S&P500
DRI,Darden Restaurants,Consumer Discretionary,S&P500
DDOG,Datadog,Information Technology,S&P500
DVA,DaVita,Health Care,S&P500
DECK,Deckers Brands,Consumer Discretionary,S&P500
DE,Deere & Company,Industrials,S&P500
DELL,Dell Technologies,Information Technology,S&P500
DAL,Delta Air Lines,Industrials,S&P500
DVN,Devon Energy,Energy,S&P500
DXCM,Dexcom,Health Care,S&P500
FANG,Diamondback Energy,Energy,S&P500
DLR,Digital Realty,Real Estate,S&P500
DG,Dollar General,Consumer Staples,S&P500
DLTR,Dollar Tree,Consumer Staples,S&P500
D,Dominion Energy,Utilities,S&P500
DPZ,Domino's,Consumer Discretionary,S&P500
DASH,DoorDash,Consumer Discretionary,S&P500
DOV,Dover Corporation,Industrials,S&P500
DOW,Dow Inc.,Materials,S&P500
DHI,D. R. Horton,Consumer Discretionary,S&P500
DTE,DTE Energy,Utilities,S&P500
DUK,Duke Energy,Utilities,S&P500
DD,DuPont,Materials,S&P500
ETN,Eaton Corporation,Industrials,S&P500
EBAY,eBay Inc.,Consumer Discretionary,S&P500
ECHO,EchoStar,Communication Services,S&P500
ECL,Ecolab,Materials,S&P500
EIX,Edison International,Utilities,S&P500
EW,Edwards Lifesciences,Health Care,S&P500
EA,Electronic Arts,Communication Services,S&P500
ELV,Elevance Health,Health Care,S&P500
EME,Emcor,Industrials,S&P500
EMR,Emerson Electric,Industrials,S&P500
ETR,Entergy,Utilities,S&P500
EOG,EOG Resources,Energy,S&P500
EQT,EQT Corporation,Energy,S&P500
EFX,Equifax,Industrials,S&P500
EQIX,Equinix,Real Estate,S&P500
EQR,Equity Residential,Real Estate,S&P500
ERIE,Erie Indemnity,Financials,S&P500
ESS,Essex Property Trust,Real Estate,S&P500
EL,Estée Lauder Companies (The),Consumer Staples,S&P500
EG,Everest Group,Financials,S&P500
EVRG,Evergy,Utilities,S&P500
ES,Eversource Energy,Utilities,S&P500
EXC,Exelon,Utilities,S&P500
EXE,Expand Energy,Energy,S&P500
EXPE,Expedia Group,Consumer Discretionary,S&P500
EXPD,Expeditors International,Industrials,S&P500
EXR,Extra Space Storage,Real Estate,S&P500
XOM,ExxonMobil,Energy,S&P500
FFIV,"F5, Inc.",Information Technology,S&P500
FDS,FactSet,Financials,S&P500
FICO,Fair Isaac,Information Technology,S&P500
FAST,Fastenal,Industrials,S&P500
FRT,Federal Realty Investment Trust,Real Estate,S&P500
FDX,FedEx,Industrials,S&P500
FDXF,FedEx Freight,Industrials,S&P500
FIS,Fidelity National Information Services,Financials,S&P500
FITB,Fifth Third Bancorp,Financials,S&P500
FSLR,First Solar,Information Technology,S&P500
FE,FirstEnergy,Utilities,S&P500
FISV,Fiserv,Financials,S&P500
FLEX,Flex Ltd.,Information Technology,S&P500
F,Ford Motor Company,Consumer Discretionary,S&P500
FTNT,Fortinet,Information Technology,S&P500
FTV,Fortive,Industrials,S&P500
FOXA,Fox Corporation (Class A),Communication Services,S&P500
FOX,Fox Corporation (Class B),Communication Services,S&P500
BEN,Franklin Resources,Financials,S&P500
FCX,Freeport-McMoRan,Materials,S&P500
GRMN,Garmin,Consumer Discretionary,S&P500
IT,Gartner,Information Technology,S&P500
GE,GE Aerospace,Industrials,S&P500
GEHC,GE HealthCare,Health Care,S&P500
GEV,GE Vernova,Industrials,S&P500
GEN,Gen Digital,Information Technology,S&P500
GNRC,Generac,Industrials,S&P500
GD,General Dynamics,Industrials,S&P500
GIS,General Mills,Consumer Staples,S&P500
GM,General Motors,Consumer Discretionary,S&P500
GPC,Genuine Parts Company,Consumer Discretionary,S&P500
GILD,Gilead Sciences,Health Care,S&P500
GPN,Global Payments,Financials,S&P500
GL,Globe Life,Financials,S&P500
GDDY,GoDaddy,Information Technology,S&P500
GS,Goldman Sachs,Financials,S&P500
HAL,Halliburton,Energy,S&P500
HIG,Hartford (The),Financials,S&P500
HAS,Hasbro,Consumer Discretionary,S&P500
HCA,HCA Healthcare,Health Care,S&P500
DOC,Healthpeak Properties,Real Estate,S&P500
HSIC,Henry Schein,Health Care,S&P500
HSY,Hershey Company (The),Consumer Staples,S&P500
HPE,Hewlett Packard Enterprise,Information Technology,S&P500
HLT,Hilton Worldwide,Consumer Discretionary,S&P500
HD,Home Depot (The),Consumer Discretionary,S&P500
HONA,Honeywell Aerospace,Industrials,S&P500
HON,Honeywell Technologies,Industrials,S&P500
HRL,Hormel Foods,Consumer Staples,S&P500
HST,Host Hotels & Resorts,Real Estate,S&P500
HWM,Howmet Aerospace,Industrials,S&P500
HPQ,HP Inc.,Information Technology,S&P500
HUBB,Hubbell Incorporated,Industrials,S&P500
HUM,Humana,Health Care,S&P500
HBAN,Huntington Bancshares,Financials,S&P500
HII,Huntington Ingalls Industries,Industrials,S&P500
IBM,IBM,Information Technology,S&P500
IEX,IDEX Corporation,Industrials,S&P500
IDXX,Idexx Laboratories,Health Care,S&P500
ITW,Illinois Tool Works,Industrials,S&P500
INCY,Incyte,Health Care,S&P500
IR,Ingersoll Rand,Industrials,S&P500
PODD,Insulet Corporation,Health Care,S&P500
INTC,Intel,Information Technology,S&P500
IBKR,Interactive Brokers,Financials,S&P500
ICE,Intercontinental Exchange,Financials,S&P500
IFF,International Flavors & Fragrances,Materials,S&P500
IP,International Paper,Materials,S&P500
INTU,Intuit,Information Technology,S&P500
ISRG,Intuitive Surgical,Health Care,S&P500
IVZ,Invesco,Financials,S&P500
INVH,Invitation Homes,Real Estate,S&P500
IQV,IQVIA,Health Care,S&P500
IRM,Iron Mountain,Real Estate,S&P500
JBHT,J.B. Hunt,Industrials,S&P500
JBL,Jabil,Information Technology,S&P500
JKHY,Jack Henry & Associates,Financials,S&P500
J,Jacobs Solutions,Industrials,S&P500
JNJ,Johnson & Johnson,Health Care,S&P500
JCI,Johnson Controls,Industrials,S&P500
JPM,JPMorgan Chase,Financials,S&P500
KVUE,Kenvue,Consumer Staples,S&P500
KDP,Keurig Dr Pepper,Consumer Staples,S&P500
KEY,KeyCorp,Financials,S&P500
KEYS,Keysight Technologies,Information Technology,S&P500
KMB,Kimberly-Clark,Consumer Staples,S&P500
KIM,Kimco Realty,Real Estate,S&P500
KMI,Kinder Morgan,Energy,S&P500
KKR,KKR & Co.,Financials,S&P500
KLAC,KLA Corporation,Information Technology,S&P500
KHC,Kraft Heinz,Consumer Staples,S&P500
KR,Kroger,Consumer Staples,S&P500
LHX,L3Harris,Industrials,S&P500
LH,Labcorp,Health Care,S&P500
LRCX,Lam Research,Information Technology,S&P500
LVS,Las Vegas Sands,Consumer Discretionary,S&P500
LDOS,Leidos,Industrials,S&P500
LEN,Lennar,Consumer Discretionary,S&P500
LII,Lennox International,Industrials,S&P500
LLY,Lilly (Eli),Health Care,S&P500
LIN,Linde plc,Materials,S&P500
LYV,Live Nation Entertainment,Communication Services,S&P500
LMT,Lockheed Martin,Industrials,S&P500
L,Loews Corporation,Financials,S&P500
LOW,Lowe's,Consumer Discretionary,S&P500
LULU,Lululemon Athletica,Consumer Discretionary,S&P500
LITE,Lumentum,Information Technology,S&P500
LYB,LyondellBasell,Materials,S&P500
MTB,M&T Bank,Financials,S&P500
MPC,Marathon Petroleum,Energy,S&P500
MAR,Marriott International,Consumer Discretionary,S&P500
MRSH,Marsh McLennan,Financials,S&P500
MLM,Martin Marietta Materials,Materials,S&P500
MRVL,Marvell Technology,Information Technology,S&P500
MAS,Masco,Industrials,S&P500
MA,Mastercard,Financials,S&P500
MKC,McCormick & Company,Consumer Staples,S&P500
MCD,McDonald's,Consumer Discretionary,S&P500
MCK,McKesson Corporation,Health Care,S&P500
MDT,Medtronic,Health Care,S&P500
MRK,Merck & Co.,Health Care,S&P500
META,Meta Platforms,Communication Services,S&P500
MET,MetLife,Financials,S&P500
MTD,Mettler Toledo,Health Care,S&P500
MGM,MGM Resorts,Consumer Discretionary,S&P500
MCHP,Microchip Technology,Information Technology,S&P500
MU,Micron Technology,Information Technology,S&P500
MSFT,Microsoft,Information Technology,S&P500
MAA,Mid-America Apartment Communities,Real Estate,S&P500
MRNA,Moderna,Health Care,S&P500
TAP,Molson Coors Beverage Company,Consumer Staples,S&P500
MDLZ,Mondelez International,Consumer Staples,S&P500
MPWR,Monolithic Power Systems,Information Technology,S&P500
MNST,Monster Beverage,Consumer Staples,S&P500
MCO,Moody's Corporation,Financials,S&P500
MS,Morgan Stanley,Financials,S&P500
MOS,Mosaic Company (The),Materials,S&P500
MSI,Motorola Solutions,Information Technology,S&P500
MSCI,MSCI Inc.,Financials,S&P500
NDAQ,"Nasdaq, Inc.",Financials,S&P500
NTAP,NetApp,Information Technology,S&P500
NFLX,Netflix,Communication Services,S&P500
NEM,Newmont,Materials,S&P500
NWSA,News Corp (Class A),Communication Services,S&P500
NWS,News Corp (Class B),Communication Services,S&P500
NEE,NextEra Energy,Utilities,S&P500
NKE,"Nike, Inc.",Consumer Discretionary,S&P500
NI,NiSource,Utilities,S&P500
NDSN,Nordson Corporation,Industrials,S&P500
NSC,Norfolk Southern,Industrials,S&P500
NTRS,Northern Trust,Financials,S&P500
NOC,Northrop Grumman,Industrials,S&P500
NCLH,Norwegian Cruise Line Holdings,Consumer Discretionary,S&P500
NRG,NRG Energy,Utilities,S&P500
NUE,Nucor,Materials,S&P500
NVDA,Nvidia,Information Technology,S&P500
NVR,"NVR, Inc.",Consumer Discretionary,S&P500
NXPI,NXP Semiconductors,Information Technology,S&P500
ORLY,O’Reilly Automotive,Consumer Discretionary,S&P500
OXY,Occidental Petroleum,Energy,S&P500
ODFL,Old Dominion,Industrials,S&P500
OMC,Omnicom Group,Communication Services,S&P500
ON,ON Semiconductor,Information Technology,S&P500
OKE,Oneok,Energy,S&P500
ORCL,Oracle Corporation,Information Technology,S&P500
OTIS,Otis Worldwide,Industrials,S&P500
PCAR,Paccar,Industrials,S&P500
PKG,Packaging Corporation of America,Materials,S&P500
PLTR,Palantir Technologies,Information Technology,S&P500
PANW,Palo Alto Networks,Information Technology,S&P500
PSKY,Paramount Skydance Corporation,Communication Services,S&P500
PH,Parker Hannifin,Industrials,S&P500
PAYX,Paychex,Industrials,S&P500
PYPL,PayPal,Financials,S&P500
PNR,Pentair,Industrials,S&P500
PEP,PepsiCo,Consumer Staples,S&P500
PFE,Pfizer,Health Care,S&P500
PCG,PG&E Corporation,Utilities,S&P500
PM,Philip Morris International,Consumer Staples,S&P500
PSX,Phillips 66,Energy,S&P500
PNW,Pinnacle West Capital,Utilities,S&P500
PNC,PNC Financial Services,Financials,S&P500
PPG,PPG Industries,Materials,S&P500
PPL,PPL Corporation,Utilities,S&P500
PFG,Principal Financial Group,Financials,S&P500
PG,Procter & Gamble,Consumer Staples,S&P500
PGR,Progressive Corporation,Financials,S&P500
PLD,Prologis,Real Estate,S&P500
PRU,Prudential Financial,Financials,S&P500
PEG,Public Service Enterprise Group,Utilities,S&P500
PTC,PTC Inc.,Information Technology,S&P500
PSA,Public Storage,Real Estate,S&P500
PHM,PulteGroup,Consumer Discretionary,S&P500
PWR,Quanta Services,Industrials,S&P500
QCOM,Qualcomm,Information Technology,S&P500
DGX,Quest Diagnostics,Health Care,S&P500
Q,Qnity Electronics,Information Technology,S&P500
RL,Ralph Lauren Corporation,Consumer Discretionary,S&P500
RJF,Raymond James Financial,Financials,S&P500
RTX,RTX Corporation,Industrials,S&P500
O,Realty Income,Real Estate,S&P500
REG,Regency Centers,Real Estate,S&P500
REGN,Regeneron Pharmaceuticals,Health Care,S&P500
RF,Regions Financial Corporation,Financials,S&P500
RSG,Republic Services,Industrials,S&P500
RMD,ResMed,Health Care,S&P500
RVTY,Revvity,Health Care,S&P500
HOOD,Robinhood Markets,Financials,S&P500
ROK,Rockwell Automation,Industrials,S&P500
ROL,"Rollins, Inc.",Industrials,S&P500
ROP,Roper Technologies,Information Technology,S&P500
ROST,Ross Stores,Consumer Discretionary,S&P500
RCL,Royal Caribbean Group,Consumer Discretionary,S&P500
SPGI,S&P Global,Financials,S&P500
CRM,Salesforce,Information Technology,S&P500
SNDK,Sandisk,Information Technology,S&P500
SBAC,SBA Communications,Real Estate,S&P500
SLB,Schlumberger,Energy,S&P500
STX,Seagate Technology,Information Technology,S&P500
SRE,Sempra,Utilities,S&P500
NOW,ServiceNow,Information Technology,S&P500
SHW,Sherwin-Williams,Materials,S&P500
SPG,Simon Property Group,Real Estate,S&P500
SWKS,Skyworks Solutions,Information Technology,S&P500
SJM,J.M. Smucker Company (The),Consumer Staples,S&P500
SW,Smurfit Westrock,Materials,S&P500
SNA,Snap-on,Industrials,S&P500
SOLV,Solventum,Health Care,S&P500
SO,Southern Company,Utilities,S&P500
LUV,Southwest Airlines,Industrials,S&P500
SWK,Stanley Black & Decker,Industrials,S&P500
SBUX,Starbucks,Consumer Discretionary,S&P500
STT,State Street Corporation,Financials,S&P500
STLD,Steel Dynamics,Materials,S&P500
STE,Steris,Health Care,S&P500
SYK,Stryker Corporation,Health Care,S&P500
SMCI,Supermicro,Information Technology,S&P500
SYF,Synchrony Financial,Financials,S&P500
SNPS,Synopsys,Information Technology,S&P500
SYY,Sysco,Consumer Staples,S&P500
TMUS,T-Mobile US,Communication Services,S&P500
TROW,T. Rowe Price,Financials,S&P500
TTWO,Take-Two Interactive,Communication Services,S&P500
TPR,"Tapestry, Inc.",Consumer Discretionary,S&P500
TRGP,Targa Resources,Energy,S&P500
TGT,Target Corporation,Consumer Staples,S&P500
TEL,TE Connectivity,Information Technology,S&P500
TDY,Teledyne Technologies,Information Technology,S&P500
TER,Teradyne,Information Technology,S&P500
TSLA,"Tesla, Inc.",Consumer Discretionary,S&P500
TXN,Texas Instruments,Information Technology,S&P500
TPL,Texas Pacific Land Corporation,Energy,S&P500
TXT,Textron,Industrials,S&P500
TMO,Thermo Fisher Scientific,Health Care,S&P500
TJX,TJX Companies,Consumer Discretionary,S&P500
TKO,TKO Group Holdings,Communication Services,S&P500
TTD,Trade Desk (The),Communication Services,S&P500
TSCO,Tractor Supply,Consumer Discretionary,S&P500
TT,Trane Technologies,Industrials,S&P500
TDG,TransDigm Group,Industrials,S&P500
TRV,Travelers Companies (The),Financials,S&P500
TRMB,Trimble Inc.,Information Technology,S&P500
TFC,Truist Financial,Financials,S&P500
TYL,Tyler Technologies,Information Technology,S&P500
TSN,Tyson Foods,Consumer Staples,S&P500
USB,U.S. Bancorp,Financials,S&P500
UBER,Uber,Industrials,S&P500
UDR,"UDR, Inc.",Real Estate,S&P500
ULTA,Ulta Beauty,Consumer Discretionary,S&P500
UNP,Union Pacific Corporation,Industrials,S&P500
UAL,United Airlines Holdings,Industrials,S&P500
UPS,United Parcel Service,Industrials,S&P500
URI,United Rentals,Industrials,S&P500
UNH,UnitedHealth Group,Health Care,S&P500
UHS,Universal Health Services,Health Care,S&P500
VLO,Valero Energy,Energy,S&P500
VEEV,Veeva Systems,Health Care,S&P500
VTR,Ventas,Real Estate,S&P500
VLTO,Veralto,Industrials,S&P500
VRSN,Verisign,Information Technology,S&P500
VRSK,Verisk Analytics,Industrials,S&P500
VZ,Verizon,Communication Services,S&P500
VRTX,Vertex Pharmaceuticals,Health Care,S&P500
VRT,Vertiv,Industrials,S&P500
VTRS,Viatris,Health Care,S&P500
VICI,Vici Properties,Real Estate,S&P500
V,Visa Inc.,Financials,S&P500
VST,Vistra Corp.,Utilities,S&P500
VMC,Vulcan Materials Company,Materials,S&P500
WRB,W. R. Berkley Corporation,Financials,S&P500
GWW,W. W. Grainger,Industrials,S&P500
WAB,Wabtec,Industrials,S&P500
WMT,Walmart,Consumer Staples,S&P500
DIS,Walt Disney Company (The),Communication Services,S&P500
WBD,Warner Bros. Discovery,Communication Services,S&P500
WM,Waste Management,Industrials,S&P500
WAT,Waters Corporation,Health Care,S&P500
WEC,WEC Energy Group,Utilities,S&P500
WFC,Wells Fargo,Financials,S&P500
WELL,Welltower,Real Estate,S&P500
WST,West Pharmaceutical Services,Health Care,S&P500
WDC,Western Digital,Information Technology,S&P500
WY,Weyerhaeuser,Real Estate,S&P500
WSM,"Williams-Sonoma, Inc.",Consumer Discretionary,S&P500
WMB,Williams Companies,Energy,S&P500
WTW,Willis Towers Watson,Financials,S&P500
WDAY,"Workday, Inc.",Information Technology,S&P500
WYNN,Wynn Resorts,Consumer Discretionary,S&P500
XEL,Xcel Energy,Utilities,S&P500
XYL,Xylem Inc.,Industrials,S&P500
YUM,Yum! Brands,Consumer Discretionary,S&P500
ZBRA,Zebra Technologies,Information Technology,S&P500
ZBH,Zimmer Biomet,Health Care,S&P500
ZTS,Zoetis,Health Care,S&P500
AA,Alcoa,Materials,S&P400
AAL,American Airlines Group,Industrials,S&P400
AAON,AAON,Industrials,S&P400
ACI,Albertsons,Consumer Staples,S&P400
ACM,AECOM,Industrials,S&P400
ADC,Agree Realty,Real Estate,S&P400
AEIS,Advanced Energy,Information Technology,S&P400
AFG,American Financial Group,Financials,S&P400
AGCO,AGCO,Industrials,S&P400
AHR,American Healthcare REIT,Real Estate,S&P400
AIT,Applied Industrial Technologies,Industrials,S&P400
ALGM,Allegro MicroSystems,Information Technology,S&P400
ALK,Alaska Air Group,Industrials,S&P400
ALLY,Ally Financial,Financials,S&P400
ALV,Autoliv,Consumer Discretionary,S&P400
AM,Antero Midstream,Energy,S&P400
AMG,Affiliated Managers Group,Financials,S&P400
AMH,American Homes 4 Rent,Real Estate,S&P400
AMKR,Amkor Technology,Information Technology,S&P400
AN,AutoNation,Consumer Discretionary,S&P400
ANF,Abercrombie & Fitch,Consumer Discretionary,S&P400
APG,APi Group,Industrials,S&P400
APPF,AppFolio,Information Technology,S&P400
AR,Antero Resources,Energy,S&P400
ARMK,Aramark,Consumer Discretionary,S&P400
ARW,Arrow Electronics,Information Technology,S&P400
ARWR,Arrowhead Pharmaceuticals,Health Care,S&P400
ASB,Associated Bank,Financials,S&P400
ASH,Ashland Global,Materials,S&P400
ATI,ATI Inc.,Industrials,S&P400
ATR,AptarGroup,Materials,S&P400
AVAV,AeroVironment,Industrials,S&P400
AVNT,Avient,Materials,S&P400
AVT,Avnet,Information Technology,S&P400
AVTR,Avantor,Health Care,S&P400
AXTA,Axalta,Materials,S&P400
AYI,Acuity Brands,Industrials,S&P400
BAH,Booz Allen Hamilton,Industrials,S&P400
BBWI,"Bath & Body Works, Inc.",Consumer Discretionary,S&P400
BC,Brunswick,Consumer Discretionary,S&P400
BCO,Brink's,Industrials,S&P400
BDC,Belden Inc.,Information Technology,S&P400
BHF,Brighthouse Financial,Financials,S&P400
BILL,Bill Holdings,Information Technology,S&P400
BIO,Bio-Rad Laboratories,Health Care,S&P400
BJ,BJ's Wholesale Club,Consumer Staples,S&P400
BKH,Black Hills Corporation,Utilities,S&P400
BLD,TopBuild Corp.,Consumer Discretionary,S&P400
BMRN,BioMarin Pharmaceutical,Health Care,S&P400
BRKR,Bruker,Health Care,S&P400
BROS,Dutch Bros Inc.,Consumer Discretionary,S&P400
BRX,Brixmor Property Group,Real Estate,S&P400
BSY,Bentley Systems,Information Technology,S&P400
BURL,Burlington Stores,Consumer Discretionary,S&P400
BWA,BorgWarner,Consumer Discretionary,S&P400
BWXT,BWX Technologies,Industrials,S&P400
BYD,Boyd Gaming,Consumer Discretionary,S&P400
CACI,CACI International,Industrials,S&P400
CAR,Avis Budget Group,Industrials,S&P400
CART,Maplebear Inc.,Consumer Staples,S&P400
CAVA,Cava Group,Consumer Discretionary,S&P400
CBSH,Commerce Bancshares,Financials,S&P400
CBT,Cabot Corp,Materials,S&P400
CCK,Crown Holdings,Materials,S&P400
CDE,Coeur Mining,Materials,S&P400
CDP,COPT Defense Properties,Real Estate,S&P400
CELH,Celsius Holdings,Consumer Staples,S&P400
CFR,Frost Bank,Financials,S&P400
CG,Carlyle Group (The),Financials,S&P400
CGNX,Cognex,Information Technology,S&P400
CHDN,Churchill Downs Inc.,Consumer Discretionary,S&P400
CHE,Chemed Corp.,Health Care,S&P400
CHH,Choice Hotels,Consumer Discretionary,S&P400
CHRD,Chord Energy,Energy,S&P400
CHWY,Chewy,Consumer Discretionary,S&P400
CLF,Cleveland-Cliffs,Materials,S&P400
CLH,Clean Harbors,Industrials,S&P400
CMC,Commercial Metals,Materials,S&P400
CNH,CNH Industrial,Industrials,S&P400
CNM,Core & Main,Industrials,S&P400
CNO,CNO Financial Group,Financials,S&P400
CNX,CNX Resources,Energy,S&P400
COKE,Coca-Cola Consolidated,Consumer Staples,S&P400
COLB,Columbia Banking System,Financials,S&P400
COLM,Columbia Sportswear,Consumer Discretionary,S&P400
CPRI,Capri Holdings,Consumer Discretionary,S&P400
CR,Crane,Industrials,S&P400
CRBG,Corebridge Financial,Financials,S&P400
CROX,Crocs,Consumer Discretionary,S&P400
CRS,Carpenter Technology,Industrials,S&P400
CRUS,Cirrus Logic,Information Technology,S&P400
CSL,Carlisle Companies,Industrials,S&P400
CTRE,CareTrust REIT,Real Estate,S&P400
CUBE,CubeSmart,Real Estate,S&P400
CUZ,Cousins Properties,Real Estate,S&P400
CVLT,CommVault Systems,Information Technology,S&P400
CW,Curtiss-Wright,Industrials,S&P400
CXT,Crane NXT,Information Technology,S&P400
CYTK,Cytokinetics,Health Care,S&P400
DAR,Darling Ingredients,Consumer Staples,S&P400
DBX,Dropbox,Information Technology,S&P400
DCI,Donaldson Company,Industrials,S&P400
DINO,HF Sinclair,Energy,S&P400
DKS,Dick's Sporting Goods,Consumer Discretionary,S&P400
DLB,Dolby,Information Technology,S&P400
DOCN,DigitalOcean,Information Technology,S&P400
DOCS,Doximity,Health Care,S&P400
DOCU,Docusign,Information Technology,S&P400
DT,Dynatrace,Information Technology,S&P400
DTM,DT Midstream,Energy,S&P400
DUOL,Duolingo,Consumer Discretionary,S&P400
DY,Dycom Industries,Industrials,S&P400
EEFT,Euronet Worldwide,Financials,S&P400
EGP,EastGroup Properties,Real Estate,S&P400
EHC,Encompass Health,Health Care,S&P400
ELAN,Elanco,Health Care,S&P400
ELF,e.l.f. Beauty,Consumer Staples,S&P400
ELS,Equity Lifestyle Properties,Real Estate,S&P400
ENS,EnerSys,Industrials,S&P400
ENSG,Ensign Group,Health Care,S&P400
ENTG,Entegris,Information Technology,S&P400
EPR,EPR Properties,Real Estate,S&P400
EQH,Equitable Holdings,Financials,S&P400
ESAB,ESAB,Industrials,S&P400
ESNT,Essent Group Ltd.,Financials,S&P400
EVR,Evercore,Financials,S&P400
EWBC,East West Bancorp,Financials,S&P400
EXEL,Exelixis,Health Care,S&P400
EXLS,EXL Service,Industrials,S&P400
EXP,Eagle Materials,Materials,S&P400
EXPO,"Exponent, Inc.",Industrials,S&P400
FAF,First American Financial Corporation,Financials,S&P400
FBIN,Fortune Brands Innovations,Industrials,S&P400
FCFS,FirstCash,Financials,S&P400
FCN,FTI Consulting,Industrials,S&P400
FFIN,First Financial Bankshares,Financials,S&P400
FHI,Federated Hermes,Financials,S&P400
FHN,First Horizon,Financials,S&P400
FIVE,Five Below,Consumer Discretionary,S&P400
FLG,Flagstar Bank,Financials,S&P400
FLR,Fluor,Industrials,S&P400
FLS,Flowserve,Industrials,S&P400
FN,Fabrinet,Information Technology,S&P400
FNB,FNB Corporation,Financials,S&P400
FND,Floor & Decor,Consumer Discretionary,S&P400
FNF,Fidelity National Financial,Financials,S&P400
FOUR,Shift4,Financials,S&P400
FR,First Industrial Realty Trust,Real Estate,S&P400
FTI,TechnipFMC,Energy,S&P400
G,Genpact,Industrials,S&P400
GAP,Gap Inc.,Consumer Discretionary,S&P400
GATX,GATX,Industrials,S&P400
GBCI,Glacier Bancorp,Financials,S&P400
GEF,"Greif, Inc.",Materials,S&P400
GGG,Graco Inc.,Industrials,S&P400
GHC,Graham Holdings,Consumer Discretionary,S&P400
GLPI,Gaming and Leisure Properties,Real Estate,S&P400
GME,GameStop,Consumer Discretionary,S&P400
GMED,Globus Medical,Health Care,S&P400
GNTX,Gentex,Consumer Discretionary,S&P400
GPK,Graphic Packaging,Materials,S&P400
GT,Goodyear Tire & Rubber,Consumer Discretionary,S&P400
GTLS,Chart Industries,Industrials,S&P400
GWRE,Guidewire Software,Information Technology,S&P400
GXO,GXO Logistics,Industrials,S&P400
H,Hyatt,Consumer Discretionary,S&P400
HAE,Haemonetics,Health Care,S&P400
HALO,Halozyme,Health Care,S&P400
HGV,Hilton Grand Vacations,Consumer Discretionary,S&P400
HIMS,Hims & Hers Health,Health Care,S&P400
HL,Hecla Mining,Materials,S&P400
HLI,Houlihan Lokey,Financials,S&P400
HLNE,Hamilton Lane,Financials,S&P400
HOG,Harley-Davidson,Consumer Discretionary,S&P400
HOMB,Home BancShares,Financials,S&P400
HQY,HealthEquity,Health Care,S&P400
HR,Healthcare Realty Trust,Real Estate,S&P400
HRB,H&R Block,Consumer Discretionary,S&P400
HWC,Hancock Whitney,Financials,S&P400
HXL,Hexcel,Industrials,S&P400
IBOC,Intl Bancshares Corp,Financials,S&P400
IDA,Idacorp,Utilities,S&P400
IDCC,InterDigital,Information Technology,S&P400
ILMN,"Illumina, Inc.",Health Care,S&P400
INGR,Ingredion,Consumer Staples,S&P400
IPGP,IPG Photonics,Information Technology,S&P400
IRT,IRT Living,Real Estate,S&P400
ITT,ITT Inc.,Industrials,S&P400
JAZZ,Jazz Pharmaceuticals,Health Care,S&P400
JEF,Jefferies,Financials,S&P400
JHG,Janus Henderson,Financials,S&P400
JLL,Jones Lang LaSalle,Real Estate,S&P400
KBH,KB Home,Consumer Discretionary,S&P400
KBR,"KBR, Inc.",Industrials,S&P400
KD,Kyndryl,Information Technology,S&P400
KEX,Kirby Corporation,Industrials,S&P400
KNF,Knife River Corporation,Materials,S&P400
KNSL,Kinsale Capital Group,Financials,S&P400
KNX,Knight-Swift,Industrials,S&P400
KRC,Kilroy Realty Corp,Real Estate,S&P400
KRG,Kite Realty Group Trust,Real Estate,S&P400
KTOS,Kratos Defense & Security Solutions,Industrials,S&P400
LAD,Lithia Motors,Consumer Discretionary,S&P400
LAMR,Lamar Advertising Company,Real Estate,S&P400
LEA,Lear,Consumer Discretionary,S&P400
LECO,Lincoln Electric,Industrials,S&P400
LFUS,Littelfuse,Information Technology,S&P400
LIVN,LivaNova,Health Care,S&P400
LNTH,Lantheus Holdings,Health Care,S&P400
LOPE,Grand Canyon Education,Consumer Discretionary,S&P400
LPX,Louisiana-Pacific,Industrials,S&P400
LSCC,Lattice Semiconductor,Information Technology,S&P400
LSTR,Landstar System,Industrials,S&P400
M,Macy's,Consumer Discretionary,S&P400
MANH,Manhattan Associates,Information Technology,S&P400
MAT,Mattel,Consumer Discretionary,S&P400
MEDP,Medpace,Health Care,S&P400
MIDD,Middleby,Industrials,S&P400
MKSI,MKS Instruments,Information Technology,S&P400
MLI,Mueller Industries,Industrials,S&P400
MMS,Maximus Inc.,Industrials,S&P400
MOG-A,Moog Inc.,Industrials,S&P400
MORN,"Morningstar, Inc.",Financials,S&P400
MP,MP Materials,Materials,S&P400
MSA,MSA Safety,Industrials,S&P400
MSM,MSC Industrial Direct,Industrials,S&P400
MTDR,Matador Resources,Energy,S&P400
MTG,MGIC Investment Corporation,Financials,S&P400
MTN,Vail Resorts,Consumer Discretionary,S&P400
MTSI,MACOM Technology Solutions,Information Technology,S&P400
MTZ,MasTec,Industrials,S&P400
MUR,Murphy Oil,Energy,S&P400
MUSA,Murphy USA,Consumer Discretionary,S&P400
MZTI,The Marzetti Company,Consumer Staples,S&P400
NBIX,Neurocrine Biosciences,Health Care,S&P400
NEU,NewMarket Corporation,Materials,S&P400
NFG,National Fuel Gas,Utilities,S&P400
NJR,New Jersey Resources,Utilities,S&P400
NLY,Annaly Capital Management,Financials,S&P400
NNN,NNN Reit,Real Estate,S&P400
NOV,NOV Inc.,Energy,S&P400
NOVT,Novanta,Information Technology,S&P400
NSA,National Storage Affiliates Trust,Real Estate,S&P400
NTNX,Nutanix,Information Technology,S&P400
NVST,Envista Holdings,Health Care,S&P400
NVT,nVent Electric plc,Industrials,S&P400
NWE,NorthWestern Energy,Utilities,S&P400
NXST,Nexstar Media Group,Communication Services,S&P400
NXT,Nextpower,Industrials,S&P400
NYT,New York Times Company,Communication Services,S&P400
OC,Owens Corning,Industrials,S&P400
OGE,OGE Energy,Utilities,S&P400
OGS,One Gas,Utilities,S&P400
OHI,Omega Healthcare Investors,Real Estate,S&P400
OKTA,"Okta, Inc.",Information Technology,S&P400
OLED,Universal Display,Information Technology,S&P400
OLLI,Ollie's Bargain Outlet,Consumer Discretionary,S&P400
OLN,Olin Corporation,Materials,S&P400
ONB,Old National Bank,Financials,S&P400
ONTO,Onto Innovation,Information Technology,S&P400
OPCH,Option Care Health,Health Care,S&P400
ORA,Ormat Technologies,Utilities,S&P400
ORI,Old Republic International,Financials,S&P400
OSK,Oshkosh,Industrials,S&P400
OVV,Ovintiv,Energy,S&P400
OZK,Bank OZK,Financials,S&P400
P,Everpure,Information Technology,S&P400
PAG,Penske Automotive Group,Consumer Discretionary,S&P400
PATH,UiPath,Information Technology,S&P400
PB,Prosperity Bancshares,Financials,S&P400
PBF,PBF Energy,Energy,S&P400
PCTY,Paylocity,Industrials,S&P400
PEGA,Pegasystems,Information Technology,S&P400
PEN,"Penumbra, Inc.",Health Care,S&P400
PFGC,Performance Food Group,Consumer Staples,S&P400
PII,Polaris,Consumer Discretionary,S&P400
PINS,Pinterest,Communication Services,S&P400
PK,Park Hotels & Resorts,Real Estate,S&P400
PLNT,Planet Fitness,Consumer Discretionary,S&P400
PNFP,Pinnacle Financial Partners,Financials,S&P400
POR,Portland General Electric,Utilities,S&P400
POST,Post Holdings,Consumer Staples,S&P400
PPC,Pilgrim's Pride,Consumer Staples,S&P400
PR,Permian Resources,Energy,S&P400
PRI,Primerica,Financials,S&P400
PSN,Parsons Corporation,Industrials,S&P400
PVH,PVH Corp.,Consumer Discretionary,S&P400
QLYS,Qualys,Information Technology,S&P400
R,Ryder,Industrials,S&P400
RBA,RB Global,Industrials,S&P400
RBC,RBC Bearings,Industrials,S&P400
REXR,Rexford Industrial Realty,Real Estate,S&P400
RGA,Reinsurance Group of America,Financials,S&P400
RGEN,Repligen,Health Care,S&P400
RGLD,Royal Gold,Materials,S&P400
RH,RH,Consumer Discretionary,S&P400
RLI,RLI Corp.,Financials,S&P400
RMBS,Rambus,Information Technology,S&P400
RNR,RenaissanceRe,Financials,S&P400
ROIV,Roivant Sciences,Health Care,S&P400
ROKU,"Roku, Inc.",Communication Services,S&P400
RPM,RPM International,Materials,S&P400
RRC,Range Resources,Energy,S&P400
RRX,Regal Rexnord,Industrials,S&P400
RS,"Reliance, Inc.",Materials,S&P400
RYAN,Ryan Specialty,Financials,S&P400
RYN,Rayonier,Real Estate,S&P400
SAIA,Saia,Industrials,S&P400
SAIC,Science Applications Intl Corp,Industrials,S&P400
SAM,Boston Beer Company,Consumer Staples,S&P400
SANM,Sanmina Corporation,Information Technology,S&P400
SARO,StandardAero,Industrials,S&P400
SBRA,Sabra Health Care REIT,Real Estate,S&P400
SCI,Service Corp Intl,Consumer Discretionary,S&P400
SEIC,SEI Investments Company,Financials,S&P400
SF,Stifel,Financials,S&P400
SFM,Sprouts Farmers Market,Consumer Staples,S&P400
SGI,Somnigroup International,Consumer Discretionary,S&P400
SHC,Sotera Health,Health Care,S&P400
SIGI,Selective Insurance Group,Financials,S&P400
SIRI,SiriusXM,Communication Services,S&P400
SITM,SiTime,Information Technology,S&P400
SLAB,Silicon Labs,Information Technology,S&P400
SLGN,Silgan Holdings,Materials,S&P400
SLM,SLM Corp,Financials,S&P400
SMG,Scotts Miracle-Gro Company,Materials,S&P400
SMTC,Semtech,Information Technology,S&P400
SN,SharkNinja,Consumer Discretionary,S&P400
SNX,TD Synnex,Information Technology,S&P400
SOLS,Solstice Advanced Materials,Materials,S&P400
SON,Sonoco,Materials,S&P400
SPXC,SPX Technologies,Industrials,S&P400
SR,Spire,Utilities,S&P400
SSB,South State Bank,Financials,S&P400
SSD,Simpson Manufacturing,Industrials,S&P400
ST,Sensata Technologies,Industrials,S&P400
STAG,STAG Industrial,Real Estate,S&P400
STRL,Sterling Infrastructure,Industrials,S&P400
STWD,Starwood Property Trust,Financials,S&P400
SWX,Southwest Gas Corp,Utilities,S&P400
SYNA,Synaptics,Information Technology,S&P400
TCBI,Texas Capital Bancshares,Financials,S&P400
TEX,Terex,Industrials,S&P400
THC,Tenet Health,Health Care,S&P400
THG,Hanover Insurance,Financials,S&P400
THO,Thor Industries,Consumer Discretionary,S&P400
TKR,Timken,Industrials,S&P400
TLN,Talen Energy,Utilities,S&P400
TMHC,Taylor Morrison,Consumer Discretionary,S&P400
TNL,Travel + Leisure Co.,Consumer Discretionary,S&P400
TOL,Toll Brothers,Consumer Discretionary,S&P400
TREX,Trex,Industrials,S&P400
TRU,TransUnion,Industrials,S&P400
TTC,Toro,Industrials,S&P400
TTEK,Tetra Tech,Industrials,S&P400
TTMI,TTM Technologies,Information Technology,S&P400
TWLO,Twilio,Information Technology,S&P400
TXNM,TXNM Energy,Utilities,S&P400
TXRH,Texas Roadhouse,Consumer Discretionary,S&P400
UBSI,United Bankshares,Financials,S&P400
UFPI,UFP Industries,Industrials,S&P400
UGI,UGI Corp,Utilities,S&P400
ULS,UL Solutions,Industrials,S&P400
UMBF,UMB Financial Corp.,Financials,S&P400
UNM,Unum,Financials,S&P400
USFD,US Foods,Consumer Staples,S&P400
UTHR,United Therapeutics,Health Care,S&P400
VAL,Valaris,Energy,S&P400
VC,Visteon,Consumer Discretionary,S&P400
VFC,VF Corporation,Consumer Discretionary,S&P400
VIAV,Viavi Solutions,Information Technology,S&P400
VICR,Vicor Corporation,Industrials,S&P400
VLY,Valley Bank,Financials,S&P400
VMI,Valmont Industries,Industrials,S&P400
VNO,Vornado Realty Trust,Real Estate,S&P400
VNOM,Viper Energy,Energy,S&P400
VNT,Vontier,Information Technology,S&P400
VOYA,Voya Financial,Financials,S&P400
VVV,Valvoline,Consumer Discretionary,S&P400
WAL,Western Alliance Bancorporation,Financials,S&P400
WBS,Webster Bank,Financials,S&P400
WCC,WESCO International,Industrials,S&P400
WEX,WEX Inc.,Financials,S&P400
WFRD,Weatherford International,Energy,S&P400
WH,Wyndham Hotels & Resorts,Consumer Discretionary,S&P400
WHR,Whirlpool Corporation,Consumer Discretionary,S&P400
WING,Wingstop,Consumer Discretionary,S&P400
WLK,Westlake Corporation,Materials,S&P400
WMG,Warner Music Group,Communication Services,S&P400
WMS,Advanced Drainage Systems,Industrials,S&P400
WPC,W. P. Carey,Real Estate,S&P400
WSO,Watsco,Industrials,S&P400
WTFC,Wintrust Financial,Financials,S&P400
WTRG,Essential Utilities,Utilities,S&P400
WTS,Watts Water Technologies,Industrials,S&P400
WWD,"Woodward, Inc.",Industrials,S&P400
XPO,"XPO, Inc.",Industrials,S&P400
XRAY,Dentsply Sirona,Health Care,S&P400
YETI,Yeti Holdings,Consumer Discretionary,S&P400
ZION,Zions Bancorporation,Financials,S&P400
AAMI,Acadian Asset Management Inc.,Financials,S&P600
AAP,"Advance Auto Parts, Inc.",Consumer Discretionary,S&P600
AAT,American Assets Trust,Real Estate,S&P600
ABCB,Ameris Bancorp,Financials,S&P600
ABG,Asbury Automotive Group,Consumer Discretionary,S&P600
ABM,"ABM Industries, Inc.",Industrials,S&P600
ABR,Arbor Realty Trust,Financials,S&P600
ACA,"Arcosa, Inc.",Industrials,S&P600
ACAD,Acadia Pharmaceuticals,Health Care,S&P600
ACHC,Acadia Healthcare,Health Care,S&P600
ACIW,ACI Worldwide,Information Technology,S&P600
ACLS,"Axcelis Technologies, Inc.",Information Technology,S&P600
ACMR,"ACM Research, Inc.",Information Technology,S&P600
ACT,"Enact Holdings, Inc.",Financials,S&P600
ADAM,"Adamas Trust, Inc.",Real Estate,S&P600
ADEA,"Adeia, Inc.",Information Technology,S&P600
ADMA,"ADMA Biologics, Inc.",Health Care,S&P600
ADNT,Adient,Consumer Discretionary,S&P600
ADT,ADT Inc.,Consumer Discretionary,S&P600
ADUS,Addus HomeCare Corp.,Health Care,S&P600
AEO,American Eagle Outfitters,Consumer Discretionary,S&P600
AESI,"Atlas Energy Solutions, Inc.",Energy,S&P600
AGNT,"eXp World Holdings, Inc.",Real Estate,S&P600
AGO,Assured Guaranty Ltd.,Financials,S&P600
AGX,"Argan, Inc.",Industrials,S&P600
AGYS,"Agilysys, Inc.",Information Technology,S&P600
AHCO,AdaptHealth Corp.,Health Care,S&P600
AIN,Albany International Corp.,Industrials,S&P600
AIR,AAR CORP.,Industrials,S&P600
AKR,Acadia Realty Trust,Real Estate,S&P600
ALG,Alamo Group,Industrials,S&P600
ALGT,Allegiant Travel Company,Industrials,S&P600
ALHC,"Alignment Healthcare, Inc.",Health Care,S&P600
ALKS,Alkermes plc,Health Care,S&P600
ALRM,"Alarm.Com, Inc.",Financials,S&P600
AMN,"Amn Healthcare Services, Inc.",Health Care,S&P600
AMPH,"Amphstar Pharmaceuticals, Inc.",Health Care,S&P600
AMR,"Alpha Metallurgical Resources, Inc.",Materials,S&P600
AMRX,Amneal Pharmaceuticals,Health Care,S&P600
AMSF,"Amerisafe, Inc.",Financials,S&P600
AMTM,Amentum,Industrials,S&P600
ANDE,"The Andersons, Inc.",Consumer Staples,S&P600
ANIP,"ANI Pharmaceuticals, Inc.",Health Care,S&P600
AORT,Artivion,Health Care,S&P600
AOSL,"Alpha and Omega Semiconductor, Ltd.",Information Technology,S&P600
APAM,"Artisan Partners Asset Management, Inc.",Financials,S&P600
APLE,"Apple Hospitality REIT, Inc.",Real Estate,S&P600
APOG,"Apogee Enterprises, Inc.",Industrials,S&P600
ARCB,ArcBest Corp.,Industrials,S&P600
ARLO,Arlo Technologies,Information Technology,S&P600
AROC,"Archrock, Inc.",Energy,S&P600
ARR,Armour Residential REIT,Real Estate,S&P600
ASO,Academy Sports + Outdoors,Consumer Discretionary,S&P600
ASTE,"Astec Industries, Inc.",Industrials,S&P600
ASTH,"Astrana Health, Inc.",Health Care,S&P600
ATEN,"A10 Networks, Inc.",Information Technology,S&P600
ATMU,Atmus Filtration Technologies Inc.,Industrials,S&P600
AUB,"Atlantic Union Bankshares, Corp.",Financials,S&P600
AVA,Avista Corporation,Utilities,S&P600
AVNS,"Avanos Medical, Inc.",Health Care,S&P600
AWI,"Armstrong World Industries, Inc.",Industrials,S&P600
AWR,American States Water Company,Utilities,S&P600
AX,"Axos Financial, Inc.",Financials,S&P600
AZTA,"Azenta, Inc.",Health Care,S&P600
AZZ,"AZZ, Inc.",Industrials,S&P600
BANC,"Banc Of California, Inc.",Financials,S&P600
BANF,Bancfirst Corp,Financials,S&P600
BANR,Banner Corporation,Financials,S&P600
BBT,Beacon Financial Corp.,Financials,S&P600
BCC,Boise Cascade,Industrials,S&P600
BCPC,Balchem Corporation,Materials,S&P600
BFAM,Bright Horizons Family Solutions Inc.,Consumer Discretionary,S&P600
BFH,"Bread Financial Holdings, Inc.",Financials,S&P600
BFS,"Saul Centers, Inc.",Real Estate,S&P600
BGC,"BGC Group, Inc.",Financials,S&P600
BHE,"Benchmark Electronics, Inc.",Information Technology,S&P600
BJRI,"BJ's Restaurants, Inc.",Consumer Discretionary,S&P600
BKE,"The Buckle, Inc.",Consumer Discretionary,S&P600
BKU,"BankUnited, Inc.",Financials,S&P600
BL,"BlackLine Systems, Inc.",Information Technology,S&P600
BLFS,"BioLife Solutions, Inc.",Health Care,S&P600
BMI,"Badger Meter, Inc.",Information Technology,S&P600
BNL,"Broadstone Net Lease, Inc.",Real Estate,S&P600
BOH,Bank of Hawaii,Financials,S&P600
BOOT,"Boot Barn Holdings, Inc.",Consumer Discretionary,S&P600
BOX,"Box, Inc.",Information Technology,S&P600
BRC,Brady Corporation,Industrials,S&P600
BTSG,"BrightSpring Health Services, Inc.",Health Care,S&P600
BTU,"Peabody Energy, Inc.",Energy,S&P600
BXMT,"Blackstone Mortgage Trust, Inc.",Financials,S&P600
CABO,Cable One,Communication Services,S&P600
CAG,Conagra Brands,Consumer Staples,S&P600
CAKE,"The Cheesecake Factory, Inc.",Consumer Discretionary,S&P600
CALM,"Cal-Maine Foods, Inc.",Consumer Staples,S&P600
CALX,Calix,Information Technology,S&P600
CALY,Callaway Golf Company,Consumer Discretionary,S&P600
CARG,CarGurus,Communication Services,S&P600
CASH,"Pathward Financial, Inc.",Financials,S&P600
CATY,Cathay General Bancorp,Financials,S&P600
CBRL,Cracker Barrel,Consumer Discretionary,S&P600
CBU,"Community Bank System, Inc.",Financials,S&P600
CC,Chemours,Materials,S&P600
CCOI,"Cogent Communications Holdings, Inc.",Communication Services,S&P600
CCS,"Century Communities, Inc.",Consumer Discretionary,S&P600
CE,Celanese,Materials,S&P600
CENT,Central Garden & Pet Company,Consumer Staples,S&P600
CENTA,Central Garden & Pet Company (Class A),Consumer Staples,S&P600
CENX,Century Aluminum Company,Materials,S&P600
CERT,"Certara, Inc.",Health Care,S&P600
CFFN,Capitol Federal Savings Bank,Financials,S&P600
CHCO,City Holding Company,Financials,S&P600
CHEF,"Chefs' Warehouse, Inc.",Consumer Staples,S&P600
CLB,Core Laboratories,Energy,S&P600
CLSK,"CleanSpark, Inc.",Information Technology,S&P600
CNK,"Cinemark Holdings, Inc.",Communication Services,S&P600
CNMD,CONMED Corporation,Health Care,S&P600
CNR,"Core Natural Resources, Inc.",Energy,S&P600
CNS,"Cohen & Steers, Inc.",Financials,S&P600
CNXN,"PC Connection, Inc.",Information Technology,S&P600
COCO,The Vita Coco Company,Consumer Staples,S&P600
COHU,"Cohu, Inc.",Information Technology,S&P600
COLL,"Collegium Pharmaceutical, Inc.",Health Care,S&P600
CON,"Concentra Group Holdings Parent, Inc.",Health Care,S&P600
CORT,Corcept Therapeutics Incorporated,Health Care,S&P600
CPF,Central Pacific Financial Corp.,Financials,S&P600
CPK,Chesapeake Utilities Corp.,Utilities,S&P600
CPRX,"Catalyst Pharmaceuticals Partners, Inc.",Health Care,S&P600
CRC,California Resources Corporation,Energy,S&P600
CRGY,Crescent Energy Company,Energy,S&P600
CRI,"Carter's, Inc.",Consumer Discretionary,S&P600
CRK,"Comstock Resources, Inc.",Energy,S&P600
CRSR,Corsair Gaming,Information Technology,S&P600
CRVL,CorVel Corporation,Health Care,S&P600
CSR,Centerspace Trust,Real Estate,S&P600
CSW,"CSW Industrials, Inc.",Industrials,S&P600
CTKB,"Cytek Biosciences, Inc.",Health Care,S&P600
CTS,CTS Corporation,Information Technology,S&P600
CUBI,"Customers Bancorp, Inc.",Financials,S&P600
CURB,Curbline Properties Corp.,Real Estate,S&P600
CVBF,CVB Financial Corp.,Financials,S&P600
CVCO,"Cavco Industries, Inc.",Consumer Discretionary,S&P600
CVI,"CVR Energy, Inc.",Energy,S&P600
CVSA,Covista Inc.,Consumer Discretionary,S&P600
CWEN,"Clearway Energy, Inc. (Class C)",Utilities,S&P600
CWEN-A,"Clearway Energy, Inc. (Class A)",Utilities,S&P600
CWK,Cushman & Wakefield plc,Real Estate,S&P600
CWST,"Casella Waste Systems, Inc.",Industrials,S&P600
CWT,California Water Service Group,Utilities,S&P600
CXM,"Sprinklr, Inc.",Information Technology,S&P600
CXW,CoreCivic,Industrials,S&P600
CZR,Caesars Entertainment,Consumer Discretionary,S&P600
DAN,Dana Incorporated,Consumer Discretionary,S&P600
DAVE,"Dave, Inc.",Financials,S&P600
DBD,Diebold Nixdorf,Information Technology,S&P600
DCH,Dauch Corporation,Consumer Discretionary,S&P600
DCOM,"Dime Community Bancshares, Inc.",Financials,S&P600
DEA,"Easterly Government Properties, Inc.",Real Estate,S&P600
DEI,Douglas Emmett,Real Estate,S&P600
DFH,"Dream Finders Homes, Inc.",Consumer Discretionary,S&P600
DFIN,"Donnelley Financial Solutions, Inc.",Financials,S&P600
DGII,Digi International Inc.,Information Technology,S&P600
DIOD,Diodes Incorporated,Information Technology,S&P600
DLX,Deluxe Corporation,Industrials,S&P600
DNOW,NOW Inc,Industrials,S&P600
DORM,"Dorman Products, Inc.",Consumer Discretionary,S&P600
DRH,DiamondRock Hospitality Company,Real Estate,S&P600
DV,"DoubleVerify Holdings, Inc.",Communication Services,S&P600
DXC,DXC Technology,Information Technology,S&P600
DXPE,"DXP Enterprises, Inc.",Industrials,S&P600
EAT,"Brinker International, Inc.",Consumer Discretionary,S&P600
ECG,"Everus Construction Group, Inc.",Industrials,S&P600
ECPG,"Encore Capital Group, Inc.",Financials,S&P600
EFC,"Ellington Financial, Inc.",Financials,S&P600
EFOR,Everforth Inc.,Information Technology,S&P600
EGBN,Eagle Bancorp Inc,Financials,S&P600
EIG,"Employers Holdings, Inc.",Financials,S&P600
EMBC,Embecta Corp.,Health Care,S&P600
EMN,Eastman Chemical Company,Materials,S&P600
ENOV,Enovis,Health Care,S&P600
ENPH,Enphase Energy,Information Technology,S&P600
ENR,Energizer,Consumer Staples,S&P600
ENVA,"Enova International, Inc.",Financials,S&P600
EPAC,Enerpac Tool Group,Industrials,S&P600
EPAM,EPAM Systems,Information Technology,S&P600
EPC,Edgewell Personal Care,Consumer Staples,S&P600
EPRT,"Essential Properties Realty Trust, Inc.",Real Estate,S&P600
ESE,ESCO Technologies Inc.,Industrials,S&P600
ESI,Element Solutions,Materials,S&P600
ETD,"Ethan Allen Interiors, Inc.",Consumer Discretionary,S&P600
ETSY,Etsy,Consumer Discretionary,S&P600
EVTC,"EVERTEC, Inc.",Financials,S&P600
EXTR,"Extreme Networks, Inc.",Information Technology,S&P600
EYE,National Vision Holdings,Consumer Discretionary,S&P600
EZPW,"EZCORP, Inc.",Financials,S&P600
FA,First Advantage Corporation,Industrials,S&P600
FBK,FB Financial Corp.,Financials,S&P600
FBNC,First Bancorp (Southern Pines NC),Financials,S&P600
FBP,First BanCorp (Puerto Rico),Financials,S&P600
FBRT,"Franklin BSP Realty Trust, Inc.",Real Estate,S&P600
FCF,"First Commonwealth Financial, Corp.",Financials,S&P600
FCPT,"Four Corners Property Trust, Inc.",Real Estate,S&P600
FDP,"Fresh Del Monte Produce, Inc.",Consumer Staples,S&P600
FELE,Franklin Electric,Industrials,S&P600
FFBC,First Financial Bancorp,Financials,S&P600
FG,"F&G Annuities & Life, Inc.",Financials,S&P600
FHB,"First Hawaiian, Inc.",Financials,S&P600
FIBK,"First Interstate BancSystem, Inc.",Financials,S&P600
FIZZ,National Beverage Corp.,Consumer Staples,S&P600
FLO,Flowers Foods,Consumer Staples,S&P600
FMC,FMC Corporation,Materials,S&P600
FORM,"FormFactor, Inc.",Information Technology,S&P600
FOXF,Fox Factory,Consumer Discretionary,S&P600
FRPT,Freshpet,Consumer Staples,S&P600
FSS,Federal Signal Corporation,Industrials,S&P600
FTDR,"Frontdoor, Inc.",Consumer Discretionary,S&P600
FTRE,Fortrea,Health Care,S&P600
FUL,H.B. Fuller Company,Materials,S&P600
FULT,Fulton Financial Corporation,Financials,S&P600
FUN,Six Flags,Consumer Discretionary,S&P600
FWRD,Forward Air Corp.,Industrials,S&P600
GBX,"The Greenbrier Companies, Inc.",Industrials,S&P600
GEO,"GEO Group, Inc.",Industrials,S&P600
GFF,Griffon Corporation,Industrials,S&P600
GIII,"G-III Apparel Group, Ltd.",Consumer Discretionary,S&P600
GKOS,Glaukos Corp.,Health Care,S&P600
GNL,"Global Net Lease, Inc.",Real Estate,S&P600
GNW,"Genworth Financial, Inc.",Financials,S&P600
GO,Grocery Outlet,Consumer Staples,S&P600
GOGO,"Gogo, Inc.",Communication Services,S&P600
GOLF,Acushnet Company,Consumer Discretionary,S&P600
GPI,"Group 1 Automotive, Inc.",Consumer Discretionary,S&P600
GRBK,"Green Brick Partners, Inc.",Consumer Discretionary,S&P600
GSHD,"Goosehead Insurance, Inc.",Financials,S&P600
GTES,Gates Corporation,Industrials,S&P600
GTM,ZoomInfo,Communication Services,S&P600
GTY,Getty Realty Corp.,Real Estate,S&P600
GVA,"Granite Construction, Inc.",Industrials,S&P600
HAFC,Hanmi Financial Corporation,Financials,S&P600
HASI,"Hannon Armstrong Sustainable Infrastructure Capital, Inc.",Financials,S&P600
HAYW,"Hayward Holdings, Inc.",Industrials,S&P600
HCC,"Warrior Met Coal, Inc.",Materials,S&P600
HCI,"HCI Group, Inc.",Financials,S&P600
HCSG,"Healthcare Services Group, Inc.",Industrials,S&P600
HE,"Hawaiian Electric Industries, Inc.",Utilities,S&P600
HFWA,Heritage Financial Corporation,Health Care,S&P600
HIW,Highwoods Properties,Real Estate,S&P600
HLIT,Harmonic Inc.,Information Technology,S&P600
HLX,"Helix Energy Solutions Group, Inc.",Energy,S&P600
HMN,Horace Mann Educators Corporation,Financials,S&P600
HNI,HNI Corporation,Industrials,S&P600
HOPE,"Hope Bancorp, Inc.",Financials,S&P600
HP,"Helmerich & Payne, Inc.",Energy,S&P600
HRMY,"Harmony Biosciences Holdings, Inc.",Health Care,S&P600
HSTM,"HealthStream, Inc.",Health Care,S&P600
HTH,Hilltop Holdings Inc.,Financials,S&P600
HTLD,"Heartland Express, Inc.",Industrials,S&P600
HTO,H2O America,Utilities,S&P600
HTZ,Hertz,Industrials,S&P600
HUBG,"Hub Group, Inc.",Industrials,S&P600
HWKN,"Hawkins, Inc.",Materials,S&P600
HZO,"MarineMax, Inc.",Consumer Discretionary,S&P600
IART,Integra Lifesciences Holdings,Health Care,S&P600
IBP,"Installed Building Products, Inc.",Consumer Discretionary,S&P600
ICHR,"Ichor Holdings, Ltd.",Information Technology,S&P600
ICUI,ICU Medical,Health Care,S&P600
IIIN,"Insteel Industries, Inc.",Industrials,S&P600
IIPR,"Innovative Industrial Properties, Inc.",Real Estate,S&P600
INDB,Independent Bank Corp.,Financials,S&P600
INDV,Indivior,Health Care,S&P600
INSP,"Inspire Medical Systems, Inc.",Health Care,S&P600
INSW,"International Seaways, Inc.",Energy,S&P600
INVA,"Innoviva, Inc.",Health Care,S&P600
INVX,"Innovex International, Inc.",Energy,S&P600
IOSP,"Innospec, Inc.",Materials,S&P600
IPAR,"Inter Parfums, Inc.",Consumer Staples,S&P600
IRDM,Iridium Communications,Communication Services,S&P600
ITGR,Integer Holdings Corporation,Health Care,S&P600
ITRI,"Itron, Inc.",Information Technology,S&P600
JBGS,JBG Smith,Real Estate,S&P600
JBLU,JetBlue,Industrials,S&P600
JBSS,"John B. Sanfilippo & Son, Inc.",Consumer Staples,S&P600
JBTM,JBT Marel Corporation,Industrials,S&P600
JJSF,J&J Snack Foods Corp.,Consumer Staples,S&P600
JOE,St. Joe Company,Real Estate,S&P600
JXN,"Jackson Financial, Inc.",Financials,S&P600
KAI,Kadant Inc.,Industrials,S&P600
KALU,Kaiser Aluminum Corporation,Materials,S&P600
OPLN,"OPENLANE, Inc.",Industrials,S&P600
KFY,Korn/Ferry International,Industrials,S&P600
KGS,"Kodiak Gas Services, Inc.",Energy,S&P600
KLIC,"Kulicke and Soffa Industries, Inc.",Information Technology,S&P600
KMPR,Kemper Corporation,Financials,S&P600
KMT,Kennametal,Industrials,S&P600
KMX,"CarMax, Inc.",Consumer Discretionary,S&P600
KN,Knowles Corporation,Information Technology,S&P600
KNTK,"Kinetik Holdings, Inc.",Energy,S&P600
KOP,"Koppers Holdings, Inc.",Materials,S&P600
KRYS,"Krystal Biotech, Inc.",Health Care,S&P600
KSS,Kohl's Corp.,Consumer Discretionary,S&P600
KTB,Kontoor Brands,Consumer Discretionary,S&P600
KWR,Quaker Chemical Corporation,Materials,S&P600
LAUR,"Laureate Education, Inc.",Consumer Discretionary,S&P600
LBRT,"Liberty Energy, Inc.",Energy,S&P600
LCII,LCI Industries,Consumer Discretionary,S&P600
LEG,Leggett & Platt,Consumer Discretionary,S&P600
LFST,Lifestance Health,Health Care,S&P600
LGIH,LGI Homes,Consumer Discretionary,S&P600
LIF,Life360,Information Technology,S&P600
LGND,"Ligand Pharmaceuticals, Inc.",Health Care,S&P600
LKFN,Lakeland Financial,Financials,S&P600
LKQ,LKQ Corporation,Consumer Discretionary,S&P600
LMAT,LeMaitre Vascular,Health Care,S&P600
LNC,Lincoln Financial,Financials,S&P600
LNN,Lindsay Corporation,Materials,S&P600
LPG,Dorian LPG Ltd.,Energy,S&P600
LQDT,"Liquidity Services, Inc.",Industrials,S&P600
LRN,"Stride, Inc.",Consumer Discretionary,S&P600
LTC,"LTC Properties, Inc.",Real Estate,S&P600
LTH,"Life Time Group Holdings, Inc.",Consumer Discretionary,S&P600
LUMN,Lumen Technologies,Communication Services,S&P600
LW,Lamb Weston,Consumer Staples,S&P600
LXP,Lexington Realty Trust,Real Estate,S&P600
LYFT,"Lyft, Inc.",Industrials,S&P600
LZ,"LegalZoom.com, Inc.",Industrials,S&P600
LZB,"La-Z-Boy, Inc.",Consumer Discretionary,S&P600
MAC,Macerich,Real Estate,S&P600
MAN,ManpowerGroup,Industrials,S&P600
MARA,"MARA Holdings, Inc.",Information Technology,S&P600
MATW,Matthews International Corporation,Consumer Discretionary,S&P600
MATX,"Matson, Inc.",Industrials,S&P600
MBC,"MasterBrand, Inc.",Industrials,S&P600
MBIN,Merchants Bancorp,Financials,S&P600
MC,Moelis & Company,Financials,S&P600
MCRI,"Monarch Casino & Resort, Inc.",Consumer Discretionary,S&P600
MCY,Mercury General,Financials,S&P600
MD,Pediatrix Medical Group,Health Care,S&P600
MDU,"MDU Resources Group, Inc.",Utilities,S&P600
MGEE,"MGE Energy, Inc.",Utilities,S&P600
MGY,"Magnolia Oil & Gas, Corp.",Energy,S&P600
MHK,Mohawk Industries,Consumer Discretionary,S&P600
MHO,"M/I Homes, Inc.",Consumer Discretionary,S&P600
MIR,"Mirion Technologies, Inc.",Information Technology,S&P600
MKTX,MarketAxess,Financials,S&P600
MLKN,"MillerKnoll, Inc.",Industrials,S&P600
MMI,"Marcus & Millichap, Inc.",Real Estate,S&P600
MMSI,"Merit Medical Systems, Inc.",Health Care,S&P600
MNRO,"Monro, Inc.",Consumer Discretionary,S&P600
MOH,Molina Healthcare,Health Care,S&P600
MPT,Medical Properties Trust,Real Estate,S&P600
MRCY,Mercury Systems,Industrials,S&P600
MRP,"Millrose Properties, Inc.",Real Estate,S&P600
MRTN,"Marten Transport, Ltd.",Industrials,S&P600
MSEX,Middlesex Water Company,Utilities,S&P600
MSGS,Madison Square Garden Sports Corp.,Communication Services,S&P600
MTCH,Match Group,Communication Services,S&P600
MTH,Meritage Homes Corporation,Consumer Discretionary,S&P600
MTRN,Materion Corp.,Materials,S&P600
MTUS,Metallus Inc,Materials,S&P600
MTX,Minerals Technologies,Materials,S&P600
MWA,Mueller Water Products,Industrials,S&P600
MXL,"MaxLinear, Inc.",Information Technology,S&P600
MYRG,"MYR Group, Inc.",Industrials,S&P600
NABL,"N-able, Inc.",Information Technology,S&P600
NATL,NCR Atleos,Financials,S&P600
NAVI,Navient,Financials,S&P600
NBHC,National Bank Holdings Corporation,Financials,S&P600
NBTB,"NBT Bancorp, Inc.",Financials,S&P600
NE,Noble Corporation,Energy,S&P600
NEO,"NeoGenomics Laboratories, Inc.",Health Care,S&P600
NEOG,Neogen,Health Care,S&P600
NGVT,"Ingevity, Corp.",Materials,S&P600
NHC,"National Healthcare, Corp.",Health Care,S&P600
NHI,"National Health Investors, Inc.",Real Estate,S&P600
NMIH,"NMI Holdings, Inc.",Financials,S&P600
NOG,"Northern Oil and Gas, Inc.",Energy,S&P600
NPK,"National Presto Industries, Inc.",Industrials,S&P600
NPO,"EnPro Industries, Inc.",Industrials,S&P600
NSIT,"Insight Enterprises, Inc.",Industrials,S&P600
NSP,Insperity,Industrials,S&P600
NSSC,Napco Security Technologies,Information Technology,S&P600
NTCT,"NETSCOUT Systems, Inc.",Information Technology,S&P600
NTST,NETSTREIT Corp.,Real Estate,S&P600
NWBI,"Northwest Bancshares, Inc.",Financials,S&P600
NWL,Newell Brands,Consumer Discretionary,S&P600
NWN,NW Natural,Utilities,S&P600
NX,Quanex Building Products Corporation,Industrials,S&P600
NXRT,"NexPoint Residential Trust, Inc.",Real Estate,S&P600
OFG,OFG Bancorp,Financials,S&P600
OGN,Organon & Co.,Health Care,S&P600
OI,"O-I Glass, Inc.",Materials,S&P600
OII,"Oceaneering International, Inc.",Energy,S&P600
OMCL,Omnicell,Health Care,S&P600
OSIS,"OSI Systems, Inc.",Information Technology,S&P600
OSW,OneSpaWorld Holdings Limited,Consumer Discretionary,S&P600
OTTR,Otter Tail Corporation,Utilities,S&P600
OUT,Outfront Media,Real Estate,S&P600
OXM,"Oxford Industries, Inc.",Consumer Discretionary,S&P600
PAHC,Phibro Animal Health,Health Care,S&P600
PARR,"Par Pacific Holdings, Inc.",Energy,S&P600
PAYC,Paycom,Industrials,S&P600
PAYO,Payoneer Global Inc.,Financials,S&P600
PATK,"Patrick Industries, Inc.",Consumer Discretionary,S&P600
PBH,Prestige Consumer Healthcare,Health Care,S&P600
PBI,"Pitney Bowes, Inc.",Industrials,S&P600
PCRX,"Pacira BioSciences, Inc.",Health Care,S&P600
PDFS,"PDF Solutions, Inc.",Information Technology,S&P600
PEB,Pebblebrook Hotel Trust,Real Estate,S&P600
PECO,Phillips Edison & Company,Real Estate,S&P600
PENG,"Penguin Solutions, Inc.",Information Technology,S&P600
PENN,Penn Entertainment,Consumer Discretionary,S&P600
PFBC,Preferred Bank,Financials,S&P600
PFS,"Provident Financial Services, Inc.",Financials,S&P600
PGNY,Progyny,Health Care,S&P600
PHIN,"PHINIA, Inc.",Consumer Discretionary,S&P600
PI,"Impinj, Inc.",Information Technology,S&P600
PIPR,Piper Sandler Companies,Financials,S&P600
PJT,"PJT Partners, Inc.",Financials,S&P600
PLAB,"Photronics, Inc.",Information Technology,S&P600
PLMR,"Palomar Holdings, Inc.",Financials,S&P600
PLUS,"ePlus, Inc.",Information Technology,S&P600
PLXS,Plexus Corp.,Information Technology,S&P600
PMT,PennyMac Mortgage Investment Trust,Real Estate,S&P600
POWI,Power Integrations,Information Technology,S&P600
POWL,"Powell Industries, Inc.",Industrials,S&P600
PPLI,People Inc.,Communication Services,S&P600
PRAA,"PRA Group, Inc.",Financials,S&P600
PRDO,Perdoceo Education Corp.,Consumer Discretionary,S&P600
PRG,"PROG Holdings, Inc.",Financials,S&P600
PRGO,Perrigo,Health Care,S&P600
PRGS,Progress Software Corporation,Information Technology,S&P600
PRIM,Primoris Services Corporation,Industrials,S&P600
PRK,Park National Corp.,Financials,S&P600
PRKS,United Parks & Resorts,Consumer Discretionary,S&P600
PRLB,Protolabs,Industrials,S&P600
PRSU,"Pursuit Attractions & Hospitality, Inc.",Consumer Discretionary,S&P600
PRVA,"Privia Health Group, Inc.",Health Care,S&P600
PSMT,PriceSmart,Consumer Staples,S&P600
PTCT,"PTC Therapeutics, Inc.",Health Care,S&P600
PTEN,"Patterson-UTI Energy, Inc.",Energy,S&P600
PTGX,"Protagonist Therapeutics, Inc.",Health Care,S&P600
PTON,"Peloton Interactive, Inc.",Consumer Discretionary,S&P600
PZZA,Papa John's Pizza,Consumer Discretionary,S&P600
QDEL,QuidelOrtho,Health Care,S&P600
QNST,"QuinStreet, Inc.",Communication Services,S&P600
QRVO,Qorvo,Information Technology,S&P600
QTWO,"Q2 Holdings, Inc.",Information Technology,S&P600
RAMP,"LiveRamp Holdings, Inc.",Information Technology,S&P600
RAL,Ralliant Corp,Information Technology,S&P600
RCUS,"Arcus Biosciences, Inc.",Health Care,S&P600
RDN,"Radian Group, Inc.",Financials,S&P600
RDNT,"RadNet, Inc.",Health Care,S&P600
RELY,Remitly,Financials,S&P600
RES,"RPC, Inc.",Energy,S&P600
REYN,Reynolds Consumer Products,Consumer Staples,S&P600
REX,REX American Resources Corporation,Energy,S&P600
REZI,"Resideo Technologies, Inc.",Industrials,S&P600
RHI,Robert Half,Industrials,S&P600
RHP,Ryman Hospitality Properties,Real Estate,S&P600
RITM,Rithm Capital,Financials,S&P600
RNG,"RingCentral, Inc.",Information Technology,S&P600
RNST,Renasant Corp.,Financials,S&P600
ROCK,"Gibraltar Industries, Inc.",Industrials,S&P600
ROG,Rogers Corporation,Information Technology,S&P600
RRR,"Red Rock Resorts, Inc.",Consumer Discretionary,S&P600
RUN,Sunrun,Industrials,S&P600
RUSHA,Rush Enterprises,Industrials,S&P600
RWT,"Redwood Trust, Inc.",Real Estate,S&P600
RXO,"RXO, Inc.",Industrials,S&P600
SAFE,"Safehold, Inc.",Real Estate,S&P600
SABR,Sabre,Consumer Discretionary,S&P600
SAFT,"Safety Insurance Group, Inc.",Financials,S&P600
SAH,"Sonic Automotive, Inc.",Consumer Discretionary,S&P600
SBCF,Seacoast Banking Corporation of Florida,Financials,S&P600
SBH,"Sally Beauty Holdings, Inc.",Consumer Discretionary,S&P600
SBSI,"Southside Bancshares, Inc.",Financials,S&P600
SCHL,Scholastic Corporation,Consumer Discretionary,S&P600
SCL,Stepan Company,Materials,S&P600
SCSC,"ScanSource, Inc.",Information Technology,S&P600
SDGR,"Schrödinger, Inc.",Health Care,S&P600
SEDG,SolarEdge,Information Technology,S&P600
SEM,"Select Medical Holdings, Corp.",Health Care,S&P600
SEZL,Sezzle,Financials,S&P600
SFBS,"ServisFirst Bancshares, Inc.",Financials,S&P600
SFNC,Simmons First National Corporation,Financials,S&P600
SHAK,"Shake Shack, Inc.",Consumer Discretionary,S&P600
SHEN,Shenandoah Telecommunications Co,Communication Services,S&P600
SHO,"Sunstone Hotel Investors, Inc.",Real Estate,S&P600
SHOO,"Steven Madden, Ltd.",Consumer Discretionary,S&P600
SIG,Signet Jewelers,Consumer Discretionary,S&P600
SKT,"Tanger Factory Outlet Centers, Inc.",Real Estate,S&P600
SKY,"Champion Homes, Inc.",Consumer Discretionary,S&P600
SKYW,"SkyWest, Inc.",Industrials,S&P600
SLG,SL Green Realty,Real Estate,S&P600
SLVM,Sylvamo Corp.,Materials,S&P600
SM,SM Energy Company,Energy,S&P600
SMP,"Standard Motor Products, Inc.",Consumer Discretionary,S&P600
SMPL,Simply Good Foods Company,Consumer Staples,S&P600
SNDR,Schneider National,Industrials,S&P600
SNEX,StoneX Group Inc.,Financials,S&P600
SONO,"Sonos, Inc.",Consumer Discretionary,S&P600
SPHR,Sphere Entertainment,Communication Services,S&P600
SPNT,SiriusPoint Ltd.,Financials,S&P600
SPSC,"SPS Commerce, Inc.",Information Technology,S&P600
SRPT,Sarepta Therapeutics,Health Care,S&P600
STAA,STAAR Surgical Company,Health Care,S&P600
STBA,"S&T Bancorp, Inc.",Financials,S&P600
STC,Stewart Information Services Corporation,Financials,S&P600
STEL,"Stellar Bancorp, Inc.",Financials,S&P600
STEP,StepStone Group,Financials,S&P600
STRA,"Strategic Education, Inc.",Consumer Discretionary,S&P600
SUPN,"Supernus Pharmaceuticals, Inc.",Health Care,S&P600
SXI,Standex International Corporation,Industrials,S&P600
SXT,Sensient Technologies,Materials,S&P600
TALO,"Talos Energy, Inc.",Energy,S&P600
TBBK,"The Bancorp, Inc.",Financials,S&P600
TDC,Teradata,Information Technology,S&P600
TDS,"Telephone and Data Systems, Inc.",Communication Services,S&P600
TDW,"Tidewater, Inc.",Energy,S&P600
TFIN,"Triumph Bancorp, Inc.",Financials,S&P600
TFX,Teleflex,Health Care,S&P600
TGTX,"TG Therapeutics, Inc.",Health Care,S&P600
THRM,Gentherm Incorporated,Consumer Discretionary,S&P600
TILE,"Interface, Inc.",Industrials,S&P600
TMDX,"TransMedics Group, Inc.",Health Care,S&P600
TMP,Tompkins Financial Corporation,Financials,S&P600
TNC,Tennant Company,Industrials,S&P600
TNDM,Tandem Diabetes Care,Health Care,S&P600
TR,"Tootsie Roll Industries, Inc.",Consumer Staples,S&P600
TRIP,TripAdvisor,Communication Services,S&P600
TRMK,Trustmark Corp.,Financials,S&P600
TRN,"Trinity Industries, Inc.",Industrials,S&P600
TRNO,Terreno Realty Corporation,Real Estate,S&P600
TRST,TrustCo Bank Corp NY,Financials,S&P600
TRUP,Trupanion,Financials,S&P600
TWO,Two Harbors Investment Corp.,Financials,S&P600
UA,Under Armour (Class C),Consumer Discretionary,S&P600
UAA,Under Armour (Class A),Consumer Discretionary,S&P600
UCB,"United Community Banks, Inc.",Financials,S&P600
UCTT,"Ultra Clean Holdings, Inc.",Information Technology,S&P600
UE,Urban Edge Properties,Real Estate,S&P600
UFCS,"United Fire Group, Inc.",Financials,S&P600
UFPT,"UFP Technologies, Inc.",Health Care,S&P600
UHT,Universal Health Realty Income Trust,Real Estate,S&P600
UNF,UniFirst Corporation,Industrials,S&P600
UNFI,United Natural Foods Inc,Consumer Staples,S&P600
UNIT,Uniti Group,Communication Services,S&P600
UPBD,"Upbound Group, Inc.",Consumer Discretionary,S&P600
UPWK,"Upwork, Inc.",Industrials,S&P600
URBN,"Urban Outfitters, Inc.",Consumer Discretionary,S&P600
USPH,"U.S. Physical Therapy, Inc.",Health Care,S&P600
UTI,Universal Technical Institute,Consumer Discretionary,S&P600
UTL,Unitil Corporation,Utilities,S&P600
UVV,Universal Corporation,Consumer Staples,S&P600
VAC,Marriott Vacations Worldwide,Consumer Discretionary,S&P600
VCEL,Vericel,Health Care,S&P600
VCTR,"Victory Capital Holdings, Inc.",Financials,S&P600
VCYT,"Veracyte, Inc.",Health Care,S&P600
VECO,Veeco Instruments Inc.,Information Technology,S&P600
VGNT,Versigent PLC,Consumer Discretionary,S&P600
VIR,"Vir Biotechnology, Inc.",Health Care,S&P600
VIRT,"Virtu Financial, Inc.",Financials,S&P600
VITL,"Vital Farms, Inc.",Consumer Staples,S&P600
VRRM,Verra Mobility Corporation,Industrials,S&P600
VRTS,"Virtus Investment Partners, Inc.",Financials,S&P600
VSAT,"Viasat, Inc.",Information Technology,S&P600
VSEC,VSE Corporation,Industrials,S&P600
VSH,Vishay Intertechnology,Information Technology,S&P600
VSNT,"Versant Media Group, Inc.",Communication Services,S&P600
VSTS,Vestis,Industrials,S&P600
VSXY,Victoria's Secret,Consumer Discretionary,S&P600
VTOL,Bristow Group Inc.,Energy,S&P600
VYX,NCR Voyix,Information Technology,S&P600
WABC,Westamerica Bank,Financials,S&P600
WAFD,"WaFd, Inc.",Financials,S&P600
WAY,Waystar Holding Corp,Health Care,S&P600
WD,"Walker & Dunlop, Inc.",Financials,S&P600
WDFC,WD-40 Company,Consumer Staples,S&P600
WEN,The Wendy's Company,Consumer Discretionary,S&P600
WERN,Werner Enterprises,Industrials,S&P600
WGO,"Winnebago Industries, Inc.",Consumer Discretionary,S&P600
WHD,"Cactus, Inc.",Energy,S&P600
WINA,Winmark,Consumer Discretionary,S&P600
WKC,World Kinect Corporation,Energy,S&P600
WLY,John Wiley & Sons,Communication Services,S&P600
WOR,Worthington Enterprises,Industrials,S&P600
WRLD,World Acceptance Corporation,Financials,S&P600
WS,Worthington Steel,Materials,S&P600
WSC,WillScot Holdings Corp.,Industrials,S&P600
WSFS,WSFS Financial Corporation,Financials,S&P600
WSR,Whitestone REIT,Real Estate,S&P600
WT,"WisdomTree Investments, Inc.",Financials,S&P600
WU,Western Union,Financials,S&P600
WWW,"Wolverine World Wide, Inc.",Consumer Discretionary,S&P600
XHR,"Xenia Hotels & Resorts, Inc.",Real Estate,S&P600
XNCR,Xencor Inc,Health Care,S&P600
XPEL,"XPEL, Inc.",Consumer Discretionary,S&P600
YELP,"Yelp, Inc.",Communication Services,S&P600
YOU,"Clear Secure, Inc.",Information Technology,S&P600
ZD,Ziff Davis,Communication Services,S&P600
ZWS,Zurn Elkay Water Solutions Corp.,Industrials,S&P600
